id,value 
tool,320
question,199
error,183
site,171
build,141
samigo,131
mysql,127
webdav,125
problems,120
maven,120
problem,114
user,112
tools,105
hibernate,98
issue,96
release,95
update,91
upgrade,87
resources,80
startup,79
status,76
message,74
jforum,73
changes,71
tomcat,71
errors,69
running,66
login,66
adding,66
code,65
sites,65
oracle,62
center,62
about,62
file,61
melete,56
trunk,56
failure,55
content,54
gradebook,54
testing,54
help,53
integration,53
upload,52
java,52
more,51
mercury,50
production,50
fckeditor,50



















































];
